[
  {
    "url": "https://www.unicef.org.uk/wp-content/uploads/2014/08/running-hero-1500x900.jpg",
    "caption": "Charity Run Event - March 2025"
  },
  {
    "url": "https://media.istockphoto.com/id/511027955/photo/multiethnic-group-of-people-in-seminar.jpg?s=612x612&w=0&k=20&c=tXoz73cxL1COr3wV8FPhYpN6yVvlyqkGNrB4W7Nm2EU=",
    "caption": "Community Workshop - April 2025"
  },
  {
    "url": "https://thumbs.dreamstime.com/b/volunteer-group-nature-park-cleaning-community-service-clean-environment-recycling-pollution-black-women-happy-to-268609758.jpg",
    "caption": "Park Cleanup Drive - May 2025"
  },
  {
    "url": "https://www.blood.ca/sites/default/files/styles/story_teaser/public/Featured-Stories-Main-Tanner-and-partner.jpg?itok=e-NZN1pV",
    "caption": "Blood Donation Camp - June 2025"
  },
  {
    "url": "https://students.1fbusa.com/hubfs/25%20Ways%20to%20Volunteer%20in%20Your%20Community.jpg",
    "caption": "Tree Plantation Event - July 2025"
  },
  {
    "url": "https://www.nten.org/wp-content/uploads/2017/01/digital-literacy-in-library.jpg",
    "caption": "Digital Literacy Workshop - August 2025"
  }
]
